{
  "providers": {
    "awscloudformation": {
      "AuthRoleName": "amplify-xmemory-dev-160240-authRole",
      "UnauthRoleArn": "arn:aws:iam::940168446867:role/amplify-xmemory-dev-160240-unauthRole",
      "AuthRoleArn": "arn:aws:iam::940168446867:role/amplify-xmemory-dev-160240-authRole",
      "Region": "us-east-2",
      "DeploymentBucketName": "amplify-xmemory-dev-160240-deployment",
      "UnauthRoleName": "amplify-xmemory-dev-160240-unauthRole",
      "StackName": "amplify-xmemory-dev-160240",
      "StackId": "arn:aws:cloudformation:us-east-2:940168446867:stack/amplify-xmemory-dev-160240/2b9f44c0-de54-11ec-8e98-026e9fb16048",
      "AmplifyAppId": "d1om16kirhbedl"
    }
  },
  "auth": {
    "xmemory9c6d0746": {
      "service": "Cognito",
      "providerPlugin": "awscloudformation",
      "dependsOn": [],
      "customAuth": false,
      "frontendAuthConfig": {
        "socialProviders": [],
        "usernameAttributes": [
          "EMAIL"
        ],
        "signupAttributes": [
          "EMAIL"
        ],
        "passwordProtectionSettings": {
          "passwordPolicyMinLength": 8,
          "passwordPolicyCharacters": []
        },
        "mfaConfiguration": "OFF",
        "mfaTypes": [
          "SMS"
        ],
        "verificationMechanisms": [
          "EMAIL"
        ]
      },
      "output": {
        "UserPoolId": "us-east-2_Vry18IuLs",
        "AppClientIDWeb": "2v1rcbnhrnu30p35slr609s5t2",
        "AppClientID": "4ue9mb032unku2afthtaklh9dj",
        "IdentityPoolId": "us-east-2:d01022e9-e013-426e-b53c-bdb910cb16fb",
        "UserPoolArn": "arn:aws:cognito-idp:us-east-2:940168446867:userpool/us-east-2_Vry18IuLs",
        "IdentityPoolName": "xmemory9c6d0746_identitypool_9c6d0746__dev",
        "UserPoolName": "xmemory9c6d0746_userpool_9c6d0746"
      },
      "lastPushTimeStamp": "2022-05-28T07:10:20.682Z",
      "providerMetadata": {
        "s3TemplateURL": "https://s3.amazonaws.com/amplify-xmemory-dev-160240-deployment/amplify-cfn-templates/auth/xmemory9c6d0746-cloudformation-template.json",
        "logicalId": "authxmemory9c6d0746"
      }
    }
  },
  "storage": {
    "xmemoryce63604f": {
      "service": "S3",
      "serviceType": "imported",
      "providerPlugin": "awscloudformation",
      "dependsOn": [],
      "output": {
        "BucketName": "cloud01-2",
        "Region": "us-east-2"
      },
      "lastPushTimeStamp": "2022-05-28T07:10:21.502Z"
    }
  }
}